{
	"a": "91.66666666666667%",
	"c": "\"calc(\"",
	"b": "\" + \"",
	"d": "\"-webkit-calc(\"",
	"e": "\"rem)\"",
	"par1": "-webkit-calc(91.66666666666667% + 1rem)",
	"par2": "calc(91.66666666666667% + 1rem)",
	"f": "1",
	"sapBrandColor": "#52aa7a",
	"sapHighlightColor": "#1474b2",
	"sapBaseColor": "#f2f2f2",
	"sapShellColor": "transparent",
	"sapBackgroundColor": "#1474b2",
	"sapTextColor": "#252625",
	"sapLinkColor": "#52aa7a",
	"sapCompanyLogo": "url('../../../../../../Base/baseLib/custom1bluecrystal/img/misc/sapCompanyLogo.jpeg')",
	"sapBackgroundImage": "url('../../../../../../Base/baseLib/custom1bluecrystal/img/misc/sapBackgroundImage.png')",
	"sapBackgroundImageOpacity": "0.9",
	"sapBackgroundImageRepeat": "false",
	"sapSelectedColor": "#1474b2",
	"sapActiveColor": "#52aa7a",
	"sapHighlightTextColor": "#fff",
	"sapTitleColor": "#575a57",
	"sapNegativeColor": "#cc1919",
	"sapCriticalColor": "#d14900",
	"sapPositiveColor": "#007833",
	"sapNeutralColor": "#007cc0",
	"sapContent_LabelColor": "#8a8d8a",
	"sapContent_DisabledTextColor": "#f1f2f1",
	"sapContent_ForegroundColor": "#fff",
	"sapContent_ForegroundBorderColor": "#e0e0e0",
	"sapContent_ForegroundTextColor": "#252625",
	"sapShell_Background": "#fff",
	"sapShell_BorderColor": "#fff",
	"sapShell_TextColor": "#252625",
	"sapButton_Background": "#f7f7f7",
	"sapButton_BorderColor": "#bfbfbf",
	"sapButton_TextColor": "#575a57",
	"sapButton_Disabled_Background": "#86b6d5",
	"sapButton_Disabled_BorderColor": "#6a9ab9",
	"sapButton_Disabled_TextColor": "#d5d6d5",
	"sapButton_Hover_Background": "#eaeaea",
	"sapButton_Hover_BorderColor": "#bfbfbf",
	"sapButton_Hover_TextColor": "#575a57",
	"sapButton_Emphasized_Background": "#52aa7a",
	"sapButton_Emphasized_BorderColor": "#4a996e",
	"sapButton_Emphasized_TextColor": "#fff",
	"sapButton_Reject_Background": "#cc1919",
	"sapButton_Accept_Background": "#007833",
	"sapField_Background": "#fff",
	"sapField_BorderColor": "#fff",
	"sapField_HelpBackground": "#fff",
	"sapField_Hover_Background": "#fff",
	"sapField_Hover_BorderColor": "#1474b2",
	"sapField_Hover_HelpBackground": "#1474b2",
	"sapField_Focus_Background": "#fff",
	"sapField_Focus_BorderColor": "#1474b2",
	"sapField_Focus_HelpBackground": "#fff",
	"sapField_ReadOnly_Background": "transparent",
	"sapField_ReadOnly_BorderColor": "transparent",
	"sapField_ReadOnly_HelpBackground": "transparent",
	"sapField_Disabled_Background": "#8abad9",
	"sapField_Disabled_BorderColor": "#8abad9",
	"sapField_Disabled_HelpBackground": "#8abad9",
	"sapField_RequiredColor": "#1474b2",
	"sapField_InvalidColor": "#e52929",
	"sapField_InvalidBackground": "#fbdfdf",
	"sapField_WarningColor": "#f0ab00",
	"sapField_WarningBackground": "#fffcb5",
	"sapField_SuccessColor": "#008a3b",
	"sapField_SuccessBackground": "#e0f1e7",
	"sapGroup_TitleBackground": "transparent",
	"sapGroup_TitleBorderColor": "#fff",
	"sapGroup_TitleTextColor": "#fff",
	"sapGroup_ContentBackground": "#fff",
	"sapGroup_ContentBorderColor": "#fff",
	"sapGroup_FooterBackground": "transparent",
	"sapToolbar_Background": "transparent",
	"sapToolbar_SeparatorColor": "#fff",
	"sapList_HeaderBackground": "#fff",
	"sapList_HeaderBorderColor": "#fff",
	"sapList_HeaderTextColor": "#252625",
	"sapList_BorderColor": "#fff",
	"sapList_HighlightColor": "#1474b2",
	"sapList_SelectionBackgroundColor": "#e8f1f7",
	"sapList_Hover_Background": "#f0f0f0",
	"sapScrollBar_FaceColor": "#e6e6e6",
	"sapScrollBar_TrackColor": "#f8f8f8",
	"sapScrollBar_BorderColor": "#e6e6e6",
	"sapScrollBar_SymbolColor": "#8a8d8a",
	"sapUiBaseColor": "#f2f2f2",
	"sapUiContentDisabledTextColor": "#f1f2f1",
	"sapUiContentForegroundBorderColor": "#e0e0e0",
	"sapUiButtonBackground": "#f7f7f7",
	"sapUiButtonBorderColor": "#bfbfbf",
	"sapUiButtonTextColor": "#575a57",
	"sapUiButtonDisabledBackground": "#86b6d5",
	"sapUiButtonDisabledBorderColor": "#6a9ab9",
	"sapUiButtonDisabledTextColor": "#d5d6d5",
	"sapUiButtonHoverBackground": "#eaeaea",
	"sapUiButtonHoverBorderColor": "#bfbfbf",
	"sapUiButtonHoverTextColor": "#575a57",
	"sapUiButtonRejectBackground": "#cc1919",
	"sapUiButtonAcceptBackground": "#007833",
	"sapUiFieldBackground": "#fff",
	"sapUiFieldBorderColor": "#fff",
	"sapUiFieldHelpBackground": "#fff",
	"sapUiFieldHoverBackground": "#fff",
	"sapUiFieldHoverBorderColor": "#1474b2",
	"sapUiFieldHoverHelpBackground": "#1474b2",
	"sapUiFieldFocusBackground": "#fff",
	"sapUiFieldFocusBorderColor": "#1474b2",
	"sapUiFieldFocusHelpBackground": "#fff",
	"sapUiFieldReadOnlyBackground": "transparent",
	"sapUiFieldReadOnlyBorderColor": "transparent",
	"sapUiFieldReadOnlyHelpBackground": "transparent",
	"sapUiFieldDisabledBackground": "#8abad9",
	"sapUiFieldDisabledBorderColor": "#8abad9",
	"sapUiFieldDisabledHelpBackground": "#8abad9",
	"sapUiFieldRequiredColor": "#1474b2",
	"sapUiFieldInvalidColor": "#e52929",
	"sapUiFieldInvalidBackground": "#fbdfdf",
	"sapUiFieldWarningColor": "#f0ab00",
	"sapUiFieldWarningBackground": "#fffcb5",
	"sapUiFieldSuccessColor": "#008a3b",
	"sapUiFieldSuccessBackground": "#e0f1e7",
	"sapUiListHeaderBorderColor": "#fff",
	"sapUiListHighlightColor": "#1474b2",
	"sapUiListHoverBackground": "#f0f0f0",
	"sapUiListSelectionBackgroundColor": "#e8f1f7",
	"sapUiBrand": "#52aa7a",
	"sapUiHighlight": "#1474b2",
	"sapUiSelected": "#1474b2",
	"sapUiActive": "#52aa7a",
	"sapUiPurple": "#ab218e",
	"sapUiOrange": "#f27020",
	"sapUiGreen": "#008a3b",
	"sapUiBlue": "#007cc0",
	"sapUiRed": "#e52929",
	"sapUiYellow": "#f0ab00",
	"sapUiBase": "#f2f2f2",
	"sapUiBaseBG": "#1474b2",
	"sapUiBaseBorder": "#f2f2f2",
	"sapUiBaseText": "#252625",
	"sapUiBaseLine": "#f2f2f2",
	"sapUiWhite": "#fff",
	"sapUiWhiteBG": "#fff",
	"sapUiExtraLightBG": "#fff",
	"sapUiLightBG": "#fff",
	"sapUiMediumBG": "#fff",
	"sapUiDarkBG": "#e9e9e9",
	"sapUiDeepBG": "black",
	"sapUiBlackBG": "#000000",
	"sapUiHoverBG": "#e8f1f7",
	"sapUiMediumAltBG": "#b8c1cc",
	"sapUiDarkAltBG": "#e0e2e4",
	"sapUiButtonStandardBG": "#f7f7f7",
	"sapUiButtonEmphasizedBG": "#52aa7a",
	"sapUiButtonNegativeBG": "red",
	"sapUiButtonPositiveBG": "green",
	"sapUiErrorBG": "#fbdfdf",
	"sapUiWarningBG": "#fffcb5",
	"sapUiReadOnlyBG": "grey",
	"sapUiExtraLightText": "#949794",
	"sapUiLightText": "#8a8d8a",
	"sapUiMediumText": "#686a68",
	"sapUiDarkText": "#575a57",
	"sapUiDeepText": "black",
	"sapUiText": "#252625",
	"sapUiTextInverted": "#fff",
	"sapUiLink": "#52aa7a",
	"sapUiLinkInverted": "#1bb1ff",
	"sapUiLinkVisited": "#52aa7a",
	"sapUiLinkActive": "#52aa7a",
	"sapUiLinkHover": "#52aa7a",
	"sapUiNegativeText": "#cc1919",
	"sapUiPositiveText": "#007833",
	"sapUiWhiteBorder": "#fff",
	"sapUiExtraLightBorder": "#fff",
	"sapUiLightBorder": "#fff",
	"sapUiMediumBorder": "#fff",
	"sapUiDarkBorder": "#fff",
	"sapUiBlackBorder": "#000",
	"sapUiErrorBorder": "#e52929",
	"sapUiWarningBorder": "#f0ab00",
	"sapUiLightLine": "#fff",
	"sapUiMediumLine": "#fff",
	"sapUiEmphasizedLine": "#1474b2",
	"sapUiDarkLine": "#a5a5a5",
	"sapUiTableRowBG": "#fff",
	"sapUiTableRowAlternatingBG": "#eff7fb",
	"sapUiTableRowSelectionBG": "#d1e9f4",
	"sapUiTableRowSelectionReadOnlyBG": "#c9e1ed",
	"sapUiTableRowHoverBG": "#e8f1f7",
	"sapUiListBG": "#fff",
	"sapUiTextColor": "green",
	"sapUiTextTitleColor": "green",
	"sapUiTextSelectionColor": "green",
	"sapUiTextDisabled": "#bebfbe",
	"sapUiTextTitle": "#575a57",
	"sapUiTextSelection": "#fff",
	"sapUiTextfieldBackground": "#fff",
	"sapUiLineHeight": "18px",
	"sapUiFontFamily": "Arial, Helvetica, sans-serif",
	"sapUiFontMonospaceFamily": "Lucida Console",
	"sapUiFontSize": "16px",
	"sapUiFontLargeSize": "13px",
	"sapUiFontSmallSize": "11px",
	"sapUiFontHeader1Size": "26px",
	"sapUiFontHeader2Size": "20px",
	"sapUiFontHeader3Size": "18px",
	"sapUiFontHeader4Size": "16px",
	"sapUiFontHeader5Size": "14px",
	"sapUiFontHeader6Size": "13px",
	"sapUiUx3ShellBackgroundColor": "#fff",
	"sapUiUx3ShellHoverColor": "#e9e9e9",
	"sapUiUx3ShellSideBarBaseWidth": "40px",
	"sapUiUx3ShellPaneOverflowButtonHeight": "120px",
	"sapUiUx3ShellToolPaletteIconFontColor": "#8899aa",
	"sapUiUx3ExactLstExpandOffset": "-1 -2",
	"sapUiUx3ExactLstRootExpandOffset": "0 3",
	"sapUiUx3ExactLstCollapseWidth": "24px",
	"sapUiUx3ExactLstHeaderHeight": "25px",
	"sapUiUx3ExactLstContentTop": "25px",
	"sapUiNotificationBarBG": "rgba(165,165,165,0.98)",
	"sapUiNotificationBarBG_IE": "#686a68",
	"sapUiNotifierHoverColor": "#1474b2",
	"sapUiNotifierSeparator": "#000",
	"sapUiNotificationText": "#252625",
	"sapUiNotificationTimestamp": "#787b78",
	"sapUiNotificationBarCalloutBorder": "rgba(104,106,104,0)",
	"sapUiNotificationBarCalloutBorder_IE": "#686a68",
	"sapUiNotificationBarCalloutArr": "rgba(165,165,165,0.98)",
	"sapUiNotificationBarHeight": "40px",
	"sapUiNotificationBarHeightMinimized": "0px",
	"sapUiNotificationBarHeightMaximized": "40%",
	"sapUiNotifierWidth": "40px",
	"sapUiNotifierSeparatorWidth": "1px",
	"sapUiUx3ToolPopupInverted": "false",
	"sapUiUx3ToolPopupArrowWidth": "13px",
	"sapUiUx3ToolPopupArrowHeight": "20px",
	"sapUiUx3ToolPopupArrowRightMarginCorrection": "-1px",
	"sapUiUx3ToolPopupArrowRightMarginCorrectionInverted": "-7px",
	"sapUiUx3TPPaddingBottom": "50px",
	"sapUiButtonActiveBorderColor": "#1474b2",
	"sapUiButtonActiveBackground": "#1474b2",
	"sapUiButtonEmphasizedBorderColor": "#4a996e",
	"sapUiButtonEmphasizedBackground": "#52aa7a",
	"sapUiButtonEmphasizedDisabledBorderColor": "#4a996e",
	"sapUiButtonEmphasizedDisabledBackground": "#52aa7a",
	"sapUiButtonEmphasizedHoverBorderColor": "#4a996e",
	"sapUiButtonEmphasizedHoverBackground": "#4a996e",
	"sapUiButtonEmphasizedActiveBorderColor": "#418861",
	"sapUiButtonEmphasizedActiveBackground": "#418861",
	"sapUiButtonAcceptBorderColor": "#005f28",
	"sapUiButtonAcceptDisabledBorderColor": "#005f28",
	"sapUiButtonAcceptDisabledBackground": "#007833",
	"sapUiButtonAcceptHoverBorderColor": "#005f28",
	"sapUiButtonAcceptHoverBackground": "#005f28",
	"sapUiButtonAcceptActiveBorderColor": "#00451d",
	"sapUiButtonAcceptActiveBackground": "#00451d",
	"sapUiButtonRejectBorderColor": "#b51616",
	"sapUiButtonRejectDisabledBorderColor": "#b51616",
	"sapUiButtonRejectDisabledBackground": "#cc1919",
	"sapUiButtonRejectHoverBorderColor": "#b51616",
	"sapUiButtonRejectHoverBackground": "#b51616",
	"sapUiButtonRejectActiveBorderColor": "#9f1313",
	"sapUiButtonRejectActiveBackground": "#9f1313",
	"sapUiButtonLiteBackground": "transparent",
	"sapUiToggleButtonPressedDisabledBackground": "#1474b2",
	"sapUiToggleButtonPressedBackground": "#1474b2",
	"sapUiPositiveBG": "#007833",
	"sapUiShadowTint": "#000",
	"sapUiShadow": "0px 4px 17px rgba(0, 0, 0, 0.4)",
	"sapUiThemeDesignerCustomCss": "false",
	"sapUiMarginTiny": "0.5rem",
	"sapUiMarginSmall": "1rem",
	"sapUiMarginMedium": "2rem",
	"sapUiMarginLarge": "3rem",
	"sapUiEscapedEmptyString": "",
	"sapUiFormTitleSize": "H4",
	"sapUiFormSubTitleSize": "H3",
	"sapUiRespGridCols": "12",
	"sapUiRespGridCols-1": "11",
	"sapUiRespGridOneCol": "8.33333333%",
	"sapUiRespGridMedia_Phone": "sapUiRespGridMedia-Std-Phone",
	"sapUiRespGridMedia_Tablet": "sapUiRespGridMedia-Std-Tablet",
	"sapUiRespGridMedia_Desktop": "sapUiRespGridMedia-Std-Desktop",
	"sapUiRespGridMedia_XL": "sapUiRespGridMedia-Std-LargeDesktop",
	"sapUiRespGridMedia_PhoneSize": "320px",
	"sapUiRespGridMedia_TabletSize": "600px",
	"sapUiRespGridMedia_DesktopSize": "1024px",
	"sapUiRespGridMedia_XLSize": "1440px",
	"sapUiRespGrid_PxInRem": "16",
	"sapUiRespGridVisible": "sapUiRespGridVisible",
	"sapUiRespGridHidden": "sapUiRespGridHidden",
	"sapUiRFLPadding": "8px",
	"sapBackgroundColorDefault": "#f2f2f2",
	"sapBackgroundGradientBaseColor": "#f2f2f2",
	"sapFontFamily": "Arial, Helvetica, sans-serif",
	"sapFontSize": "0.75em",
	"sapAccentColor1": "#f0ab00",
	"sapAccentColor2": "#f27020",
	"sapAccentColor3": "#e52929",
	"sapAccentColor4": "#ab218e",
	"sapAccentColor5": "#007cc0",
	"sapAccentColor6": "#008a3b",
	"sapAccentColor7": "#004990",
	"sapAccentColor8": "#009de0",
	"sapDarkShadowColor": "#000",
	"sapLightShadowColor": "#fff",
	"sapDarkFocusColor": "#0e507b",
	"sapLightFocusColor": "#fff",
	"sapSearchHighlightColor": "#fffcb5",
	"sapHelpHighlightColor": "#3f8600",
	"sapBaseBackground": "#f2f2f2",
	"sapLightestBackground": "#fff",
	"sapExtraLightBackground": "#fff",
	"sapLightBackground": "#fff",
	"sapMediumBackground": "#fff",
	"sapDarkBackground": "#e9e9e9",
	"sapExtraDarkBackground": "#a5a5a5",
	"sapDarkestBackground": "#000",
	"sapBaseBorderColor": "#f2f2f2",
	"sapLightestBorderColor": "#fff",
	"sapExtraLightBorderColor": "#fff",
	"sapLightBorderColor": "#fff",
	"sapMediumBorderColor": "#fff",
	"sapDarkBorderColor": "#fff",
	"sapExtraDarkBorderColor": "#fff",
	"sapDarkestBorderColor": "#000",
	"sapExtraLightTextColor": "#949794",
	"sapLightTextColor": "#8a8d8a",
	"sapMediumTextColor": "#686a68",
	"sapDarkTextColor": "#575a57",
	"sapExtraDarkTextColor": "#474947",
	"sapErrorBackground": "#fbdfdf",
	"sapWarningBackground": "#fffcb5",
	"sapSuccessBackground": "#e0f1e7",
	"sapNeutralBackground": "#e6f2f9",
	"sapErrorBorderColor": "#e52929",
	"sapWarningBorderColor": "#f0ab00",
	"sapSuccessBorderColor": "#008a3b",
	"sapNegativeElementColor": "#cc1919",
	"sapCriticalElementColor": "#d14900",
	"sapPositiveElementColor": "#007833",
	"sapNeutralElementColor": "#007cc0",
	"sapNegativeTextColor": "#cc1919",
	"sapCriticalTextColor": "#d14900",
	"sapPositiveTextColor": "#007833",
	"sapErrorColor": "#e52929",
	"sapWarningColor": "#f0ab00",
	"sapSuccessColor": "#008a3b",
	"sapContent_BackgroundGradientStartColor": "#fff",
	"sapContent_BackgroundGradientMiddleColor": "#f2f2f2",
	"sapContent_BackgroundGradientEndColor": "#e5e5e5",
	"sapContent_BackgroundGradientMixedStartColor": "#fff",
	"sapContent_BackgroundGradientMixedMiddleColor": "#fdfdfd",
	"sapContent_BackgroundGradientMixedEndColor": "#fbfbfb",
	"sapContent_LineHeight": "1.3",
	"sapContent_ElementHeight": "1.37em",
	"sapContent_ElementHeight_PX": "22px",
	"sapContent_IconHeight": "16px",
	"sapContent_MonospaceFontFamily": "lucida console, monospace",
	"sapContent_DisabledOpacity": "0.5",
	"sapContent_ContrastTextThreshold": "0.65",
	"sapContent_ContrastTextColor": "#fff",
	"sapButton_BorderWitdh": "1px",
	"sapButton_BorderCornerRadius": "0",
	"sapField_BorderWitdh": "1px",
	"sapField_BorderCornerRadius": "0",
	"sapGroup_Title_FontSize": "1.0em",
	"sapGroup_BorderWidth": "1px",
	"sapGroup_BorderCornerRadius": "0",
	"sapList_BorderWidth": "1px",
	"sapScrollBar_Dimension": "16px",
	"sapScrollBar_Hover_FaceColor": "#dedede",
	"sapChart_OrderedColor_1": "#5cbae6",
	"sapChart_OrderedColor_2": "#b6d957",
	"sapChart_OrderedColor_3": "#fac364",
	"sapChart_OrderedColor_4": "#8cd3ff",
	"sapChart_OrderedColor_5": "#d998cb",
	"sapChart_OrderedColor_6": "#f2d249",
	"sapChart_OrderedColor_7": "#93b9c6",
	"sapChart_OrderedColor_8": "#ccc5a8",
	"sapChart_OrderedColor_9": "#52bacc",
	"sapChart_OrderedColor_10": "#dbdb46",
	"sapChart_OrderedColor_11": "#98aafb",
	"sapChart_Bad": "#d32030",
	"sapChart_Critical": "#e17b24",
	"sapChart_Good": "#61a656",
	"sapChart_Neutral": "#848f94",
	"sapChart_Sequence_1": "#27a3dd",
	"sapChart_Sequence_2": "#9dc62d",
	"sapChart_Sequence_3": "#f8ac29",
	"sapChart_Sequence_Neutral": "#848f94",
	"sapUiContentLabelColor": "#8a8d8a",
	"sapUiContentDisabledOpacity": "0.5",
	"sapUiContentContrastTextThreshold": "0.65",
	"sapUiContentContrastTextColor": "#fff",
	"sapUiContentForegroundColor": "#fff",
	"sapUiContentForegroundTextColor": "#252625",
	"sapUiShellBackground": "#fff",
	"sapUiShellBorderColor": "#fff",
	"sapUiShellTextColor": "#252625",
	"sapUiButtonEmphasizedTextColor": "#fff",
	"sapUiGroupTitleBackground": "transparent",
	"sapUiGroupTitleBorderColor": "#fff",
	"sapUiGroupTitleTextColor": "#fff",
	"sapUiGroupContentBackground": "#fff",
	"sapUiGroupContentBorderColor": "#fff",
	"sapUiGroupFooterBackground": "transparent",
	"sapUiToolbarBackground": "transparent",
	"sapUiToolbarSeparatorColor": "#fff",
	"sapUiListHeaderBackground": "#fff",
	"sapUiListHeaderTextColor": "#252625",
	"sapUiListBorderColor": "#fff",
	"sapUiScrollBarFaceColor": "#e6e6e6",
	"sapUiScrollBarTrackColor": "#f8f8f8",
	"sapUiScrollBarBorderColor": "#e6e6e6",
	"sapUiScrollBarSymbolColor": "#8a8d8a",
	"sapUiScrollBarHoverFaceColor": "#dedede",
	"sapUiChart1": "#5cbae6",
	"sapUiChart2": "#b6d957",
	"sapUiChart3": "#fac364",
	"sapUiChart4": "#8cd3ff",
	"sapUiChart5": "#d998cb",
	"sapUiChart6": "#f2d249",
	"sapUiChart7": "#93b9c6",
	"sapUiChart8": "#ccc5a8",
	"sapUiChart9": "#52bacc",
	"sapUiChart10": "#dbdb46",
	"sapUiChart11": "#98aafb",
	"sapUiChartBad": "#d32030",
	"sapUiChartCritical": "#e17b24",
	"sapUiChartGood": "#61a656",
	"sapUiChartNeutral": "#848f94",
	"sapUiChartSequence1": "#27a3dd",
	"sapUiChartSequence2": "#9dc62d",
	"sapUiChartSequence3": "#f8ac29",
	"sapUiChartSequenceNeutral": "#848f94",
	"sapUiAccent1": "#f0ab00",
	"sapUiAccent2": "#f27020",
	"sapUiAccent3": "#e52929",
	"sapUiAccent4": "#ab218e",
	"sapUiAccent5": "#007cc0",
	"sapUiAccent6": "#008a3b",
	"sapUiAccent7": "#004990",
	"sapUiAccent8": "#009de0",
	"sapUiDarkShadowTint": "#000",
	"sapUiLightShadowTint": "#fff",
	"sapUiDarkFocusColor": "#0e507b",
	"sapUiLightFocusColor": "#fff",
	"sapUiSearchHighlight": "#fffcb5",
	"sapUiHelpHighlight": "#3f8600",
	"sapUiBaseBackground": "#f2f2f2",
	"sapUiLightestBG": "#fff",
	"sapUiExtraDarkBG": "#a5a5a5",
	"sapUiDarkestBG": "#000",
	"sapUiLightestBorder": "#fff",
	"sapUiExtraDarkBorder": "#fff",
	"sapUiDarkestBorder": "#000",
	"sapUiExtraDarkText": "#474947",
	"sapUiBlack": "#000",
	"sapUiNegative": "#cc1919",
	"sapUiCritical": "#d14900",
	"sapUiPositive": "#007833",
	"sapUiNeutral": "#007cc0",
	"sapUiActiveBG": "#e8f1f7",
	"sapUiFocus": "#0e507b",
	"sapUiInvertedFocus": "#fff",
	"sapUiUx3ShellHeaderColor": "transparent",
	"sapUiHighlightTextColor": "#fff",
	"sapUiFooterBG": "rgba(54,62,67,0.96)",
	"sapUiFooterOnDesktopBG": "rgba(54,62,67,0.96)",
	"sapUiStandardText": "#252625",
	"sapUiHighlightText": "#fff",
	"sapUiHeaderText": "#575a57",
	"sapUiCriticalText": "#d14900",
	"sapUiSuccessBorder": "#008a3b",
	"sapUiSuccessBG": "#e0f1e7",
	"sapUiNeutralBG": "#e6f2f9",
	"sapUiInvertedElement": "#fff",
	"sapUiElement": "#8a8d8a",
	"sapUiNegativeElement": "#cc1919",
	"sapUiCriticalElement": "#d14900",
	"sapUiPositiveElement": "#007833",
	"sapUiNeutralElement": "#007cc0",
	"sapUiLightestBGHover": "#f0f0f0",
	"sapUiActiveBGHover": "#ddeaf3",
	"sapUiFontCondensedFamily": "'Arial Narrow', HelveticaNeue-CondensedBold, Arial, sans-serif",
	"sapUiFontHeaderFamily": "Arial, Helvetica, sans-serif",
	"sapUiFontHeaderWeight": "normal",
	"sapMFontHeader1Size": "1.750rem",
	"sapMFontHeader2Size": "1.500rem",
	"sapMFontHeader3Size": "1.250rem",
	"sapMFontHeader4Size": "1.125rem",
	"sapMFontHeader5Size": "1rem",
	"sapMFontHeader6Size": "0.875rem",
	"sapMFontSmallSize": "0.75rem",
	"sapMFontMediumSize": "0.875rem",
	"sapMFontLargeSize": "1rem",
	"sapUiTranslucentBGOpacity": "80%",
	"sapMPlatformDependent": "false",
	"sapUiGlobalBackgroundVariant": "2",
	"sapUiGlobalLogo": "url('../../../../../../Base/baseLib/custom1bluecrystal/img/misc/sapCompanyLogo.jpeg')",
	"sapUiGlobalLogoDefault": "none",
	"sapUiGlobalBackgroundRepeat": "false",
	"sapUiGlobalBackgroundImageOpacity": "0.9",
	"sapUiGlobalBackgroundImageOpacityDefault": "1",
	"sapUiGlobalBackgroundImageDefault": "none",
	"sapUiGlobalBackgroundImage": "url('../../../../../../Base/baseLib/custom1bluecrystal/img/misc/sapBackgroundImage.png')",
	"sapUiGlobalBackgroundColor": "#1474b2",
	"sapUiGlobalBackgroundColorDefault": "#f2f2f2",
	"sapUiGlobalBackgroundGradientStartColor": "#fff",
	"sapUiGlobalBackgroundGradientMiddleColor": "#f2f2f2",
	"sapUiGlobalBackgroundGradientEndColor": "#e5e5e5",
	"sapUiGlobalStrongBackgroundTextContrastColor": "none",
	"sapUiBackgroundImage": "url('../../../../../../Base/baseLib/custom1bluecrystal/img/misc/sapBackgroundImage.png')",
	"sapUiDesktopFontFamily": "Arial, Helvetica, sans-serif",
	"sapUiDesktopFontSize": "12px",
	"sapUiKeyboardFocus": "#0e507b",
	"sapUiChartLabelHoverColor": "#f0f0f0",
	"sapUiChartLabelPressedColor": "#ccc",
	"sapUiChartCategoryAxisLabelFontColor": "#575a57",
	"sapUiChartValueAxisLabelFontColor": "#575a57",
	"sapUiChartCategoryAxisLabelFontSize": "0.75rem",
	"sapUiChartValueAxisLabelFontSize": "0.75rem",
	"sapUiChartCategoryAxisLineColor": "#a5a5a5",
	"sapUiChartValueAxisLineColor": "#a5a5a5",
	"sapUiChartCategoryAxisTickColor": "#a5a5a5",
	"sapUiChartValueAxisTickColor": "#a5a5a5",
	"sapUiChartBackgroundColor": "#fff",
	"sapUiChartLabelFontWeight": "normal",
	"sapUiChartLegendLabelFontColor": "#252625",
	"sapUiChartLegendTitleFontColor": "#252625",
	"sapUiChartLegendTitleFontSize": "0.875rem",
	"sapUiChartLegendLabelFontSize": "0.75rem",
	"sapUiChartPaletteUndefinedColor": "#000",
	"sapUiChartGridlineColor": "#fff",
	"sapUiChartReferenceLineColor": "#a5a5a5",
	"sapUiChartDataLabelFontColor": "#252625",
	"sapUiChartReferenceLineLabelColor": "#252625",
	"sapUiChartDataLabelFontSize": "0.75rem",
	"sapUiChartPopoverDataItemFontColor": "#252625",
	"sapUiChartPopoverGroupFontColor": "#252625",
	"sapUiChartPopoverDataItemFontSize": "0.875rem",
	"sapUiChartPopoverGroupFontSize": "0.875rem",
	"sapUiChartPopoverGroupFontWeight": "bold",
	"sapUiChartScrollBarThumbColor": "#e6e6e6",
	"sapUiChartScrollBarTrackColor": "#f8f8f8",
	"sapUiChartScrollBarThumbHoverColor": "#dedede",
	"sapUiChartMainTitleFontColor": "#575a57",
	"sapUiChartAxisTitleFontColor": "#252625",
	"sapUiChartMainTitleFontSize": "1rem",
	"sapUiChartAxisTitleFontSize": "0.875rem",
	"sapUiChartTitleFontWeight": "bold",
	"sapUiChartLightText": "#949794",
	"sapUiChartDataPointBorderColor": "#fff",
	"sapUiChartDataPointBorderHoverSelectedColor": "#a6a6a6",
	"sapUiChartDataPointNotSelectedBackgroundOpacity": "0.6",
	"sapUiChartValueAxisLineOpacity": "0",
	"sapUiChartCategoryAxisLabelFontHoverColor": "#575a57",
	"sapUiChartCategoryAxisLabelFontPressedColor": "#575a57",
	"sapUiChartTargetColor": "#a5a5a5",
	"sapUiChartTargetShadowColor": "#fff",
	"sapUiChartBubbleBGOpacity": "0.8",
	"sapUiChartScrollbarBorderColor": "#fff",
	"sapUiChartScrollbarBorderSize": "0",
	"sapUiChartScrollbarThumbPadding": "0",
	"sapUiChartPaletteQualitativeHue1": "#5cbae6",
	"sapUiChartPaletteQualitativeHue2": "#b6d957",
	"sapUiChartPaletteQualitativeHue3": "#fac364",
	"sapUiChartPaletteQualitativeHue4": "#8cd3ff",
	"sapUiChartPaletteQualitativeHue5": "#d998cb",
	"sapUiChartPaletteQualitativeHue6": "#f2d249",
	"sapUiChartPaletteQualitativeHue7": "#93b9c6",
	"sapUiChartPaletteQualitativeHue8": "#ccc5a8",
	"sapUiChartPaletteQualitativeHue9": "#52bacc",
	"sapUiChartPaletteQualitativeHue10": "#dbdb46",
	"sapUiChartPaletteQualitativeHue11": "#98aafb",
	"sapUiChartPaletteSemanticBadLight3": "#f09ca4",
	"sapUiChartPaletteSemanticBadLight2": "#e9707b",
	"sapUiChartPaletteSemanticBadLight1": "#e34352",
	"sapUiChartPaletteSemanticBad": "#d32030",
	"sapUiChartPaletteSemanticBadDark1": "#a71926",
	"sapUiChartPaletteSemanticBadDark2": "#911621",
	"sapUiChartPaletteSemanticCriticalLight3": "#f3ccab",
	"sapUiChartPaletteSemanticCriticalLight2": "#edb17e",
	"sapUiChartPaletteSemanticCriticalLight1": "#e79651",
	"sapUiChartPaletteSemanticCritical": "#e17b24",
	"sapUiChartPaletteSemanticCriticalDark1": "#b96319",
	"sapUiChartPaletteSemanticCriticalDark2": "#a25716",
	"sapUiChartPaletteSemanticGoodLight3": "#bedbba",
	"sapUiChartPaletteSemanticGoodLight2": "#9fca98",
	"sapUiChartPaletteSemanticGoodLight1": "#80b877",
	"sapUiChartPaletteSemanticGood": "#61a656",
	"sapUiChartPaletteSemanticGoodDark1": "#4d8445",
	"sapUiChartPaletteSemanticGoodDark2": "#44743c",
	"sapUiChartPaletteSemanticNeutralLight3": "#d6dadb",
	"sapUiChartPaletteSemanticNeutralLight2": "#bac1c4",
	"sapUiChartPaletteSemanticNeutralLight1": "#9ea8ad",
	"sapUiChartPaletteSemanticNeutral": "#848f94",
	"sapUiChartPaletteSemanticNeutralDark1": "#6a757b",
	"sapUiChartPaletteSemanticNeutralDark2": "#5e686e",
	"sapUiChartPaletteSequentialHue1Light3": "#abdbf2",
	"sapUiChartPaletteSequentialHue1Light2": "#84caec",
	"sapUiChartPaletteSequentialHue1Light1": "#5cbae5",
	"sapUiChartPaletteSequentialHue1": "#27a3dd",
	"sapUiChartPaletteSequentialHue1Dark1": "#1b7eac",
	"sapUiChartPaletteSequentialHue1Dark2": "#156489",
	"sapUiChartPaletteSequentialHue2Light3": "#d7eaa2",
	"sapUiChartPaletteSequentialHue2Light2": "#c6e17d",
	"sapUiChartPaletteSequentialHue2Light1": "#b6d957",
	"sapUiChartPaletteSequentialHue2": "#9dc62d",
	"sapUiChartPaletteSequentialHue2Dark1": "#759422",
	"sapUiChartPaletteSequentialHue2Dark2": "#5b731a",
	"sapUiChartPaletteSequentialHue3Light3": "#fde5bd",
	"sapUiChartPaletteSequentialHue3Light2": "#fbd491",
	"sapUiChartPaletteSequentialHue3Light1": "#fac364",
	"sapUiChartPaletteSequentialHue3": "#f8ac29",
	"sapUiChartPaletteSequentialHue3Dark1": "#dd8e07",
	"sapUiChartPaletteSequentialHue3Dark2": "#b57506",
	"sapUiChartPaletteSequentialNeutralLight3": "#d6dadb",
	"sapUiChartPaletteSequentialNeutralLight2": "#bac1c4",
	"sapUiChartPaletteSequentialNeutralLight1": "#9ea8ad",
	"sapUiChartPaletteSequentialNeutral": "#848f94",
	"sapUiChartPaletteSequentialNeutralDark1": "#6a757b",
	"sapUiChartPaletteSequentialNeutralDark2": "#5e686e",
	"sapUiChoroplethBG": "#f7f7f8",
	"sapUiChoroplethRegionBorder": "#fff",
	"sapUiChoroplethRegionBG": "#bac1c4",
	"sapUiMapLegendBG": "#fff",
	"sapUiMapLegendBorderColor": "#fff",
	"sapUiUx3ShellGradientBottom": "transparent",
	"sapUiUx3ShellGradientTop": "rgba(20,92,178,0.03)",
	"sapUiNotificationBarBorder": "#a6a6a6",
	"sapUiUx3ToolPopupShadow": "0 0 30px rgba(0,0,0,0.2)",
	"sapUiCalloutShadow": "0 0 30px rgba(0,0,0,0.2)",
	"sapUiButtonIconColor": "#8a8d8a",
	"sapUiButtonActiveTextColor": "#fff",
	"sapUiButtonEmphasizedTextShadow": "rgba(0,0,0,0.5)",
	"sapUiButtonAcceptTextColor": "#fff",
	"sapUiButtonRejectTextColor": "#fff",
	"sapUiButtonLiteBorderColor": "transparent",
	"sapUiButtonLiteTextColor": "#52aa7a",
	"sapUiButtonLiteHoverBackground": "rgba(222,222,222,0.5)",
	"sapUiButtonLiteHoverBorderColor": "rgba(222,222,222,0.5)",
	"sapUiButtonLiteActiveBackground": "#1474b2",
	"sapUiButtonLiteActiveBorderColor": "#1474b2",
	"sapUiButtonHeaderTextColor": "#8a8d8a",
	"sapUiButtonHeaderDisabledTextColor": "#575a57",
	"sapUiButtonFooterHoverBackground": "rgba(234,234,234,0.1)",
	"sapUiButtonActionSelectBackground": "rgba(54,62,67,0.96)",
	"sapUiButtonActionSelectBorderColor": "rgba(100,114,123,0.96)",
	"sapUiButtonLiteActionSelectHoverBackground": "rgba(68,78,84,0.96)",
	"sapUiToggleButtonPressedBorderColor": "#11659b",
	"sapUiToggleButtonPressedTextColor": "#fff",
	"sapUiToggleButtonPressedHoverBackground": "#11659b",
	"sapUiToggleButtonPressedHoverBorderColor": "#11659b",
	"sapUiToggleButtonPressedDisabledBorderColor": "#11659b",
	"sapUiToggleButtonPressedDisabledTextColor": "#d5d6d5",
	"sapUiSegmentedButtonBackground": "#fff",
	"sapUiSegmentedButtonBorderColor": "#dedede",
	"sapUiSegmentedButtonTextColor": "#52aa7a",
	"sapUiSegmentedButtonHoverBackground": "rgba(196,196,196,0.5)",
	"sapUiSegmentedButtonActiveBackground": "#1474b2",
	"sapUiSegmentedButtonActiveTextColor": "#fff",
	"sapUiSegmentedButtonSelectedBackground": "#1474b2",
	"sapUiSegmentedButtonSelectedTextColor": "#fff",
	"sapUiSegmentedButtonSelectedHoverBackground": "#11659b",
	"sapUiSegmentedButtonSelectedHoverBorderColor": "#11659b",
	"sapUiSegmentedButtonIconColor": "#8a8d8a",
	"sapUiSegmentedButtonActiveIconColor": "#fff",
	"sapUiSegmentedButtonSelectedIconColor": "#fff",
	"sapUiSegmentedButtonFooterBorderColor": "rgba(100,114,123,0.96)",
	"sapUiSegmentedButtonFooterHoverBackground": "rgba(234,234,234,0.1)",
	"sapUiFooterButtonHoverColor": "rgba(68,78,84,0.96)",
	"sapUiFieldtextColor": "#252625",
	"sapUiFieldPlaceholderTextColor": "#949794",
	"sapUiCalendarColorToday": "#ffc51c",
	"sapUiUx3ShellBackgroundImageURL": "url('../../../../../../Base/baseLib/custom1bluecrystal/img/misc/sapBackgroundImage.png')",
	"sapUiUx3ShellHeaderImageURL": "",
	"sapUiUx3ShellApplicationImageURL": "url('../../../../../../Base/baseLib/custom1bluecrystal/img/misc/sapCompanyLogo.jpeg')",
	"sapUiActionSheetBG": "rgba(54,62,67,0.96)",
	"sapUiActionSheetOnDesktopBG": "rgba(54,62,67,0.96)",
	"sapUiActionSheetBorder": "#fff",
	"sapUiActionSheetButtonText": "#fff",
	"sapUiBarBG": "#fff",
	"sapUiBarBrandingBG": "#52aa7a",
	"sapUiHeaderBG": "#fff",
	"sapUiSubHeaderBG": "#fff",
	"sapUiBarText": "#8a8d8a",
	"sapUiFooterText": "#fff",
	"sapUiBarHeading": "#8a8d8a",
	"sapUiBusy": "#52aa7a",
	"sapUiBusyLight": "#fff",
	"sapUiBusyDlgSimpleIndicatorBG": "rgba(255,255,255,0.6)",
	"sapUiBusyDlgSimpleIndicatorBorder": "rgba(255,255,255,0.1)",
	"sapUiBtnText": "#575a57",
	"sapUiBtnTextActive": "#fff",
	"sapUiBtnTextLink": "#52aa7a",
	"sapUiBtnTextLinkDisabled": "rgba(82,170,122,0.5)",
	"sapUiBtnBaseRadius": "0.143rem",
	"sapUiBtnIcon": "#8a8d8a",
	"sapUiBtnTextShadowDefault": "none",
	"sapUiBtnBorderDefault": "#bfbfbf",
	"sapUiBtnTextTransparentDisabled": "rgba(87,90,87,0.5)",
	"sapUiBtnIconHeader": "#8a8d8a",
	"sapUiBtnTextHeader": "#8a8d8a",
	"sapUiBtnTextHeaderDisabled": "#575a57",
	"sapUiBtnTextShadowHeader": "rgba(255,255,255,0.5)",
	"sapUiBtnTextFooterDisabled": "rgba(255,255,255,0.5)",
	"sapUiBtnTextShadowFooter": "rgba(0,0,0,0.5)",
	"sapUiBtnTextStandardDisabled": "rgba(87,90,87,0.5)",
	"sapUiBtnBGStandard": "#f7f7f7",
	"sapUiBtnBGStandardHover": "#eaeaea",
	"sapUiBtnBGStandardDown": "#1474b2",
	"sapUiBtnBGStandardDisabled": "#fafafa",
	"sapUiBtnTextPositiveDisabled": "rgba(255,255,255,0.5)",
	"sapUiBtnBGPositive": "#007833",
	"sapUiBtnBGPositiveBorder": "#005f28",
	"sapUiBtnBGPositiveHover": "#005f28",
	"sapUiBtnBGPositiveDown": "#00451d",
	"sapUiBtnBGPositiveDisabled": "rgba(0,120,51,0.5)",
	"sapUiBtnTextNegativeDisabled": "rgba(255,255,255,0.5)",
	"sapUiBtnBGNegative": "#cc1919",
	"sapUiBtnBGNegativeBorder": "#b51616",
	"sapUiBtnBGNegativeHover": "#b51616",
	"sapUiBtnBGNegativeDown": "#9f1313",
	"sapUiBtnBGNegativeDisabled": "rgba(204,25,25,0.5)",
	"sapUiBtnTextEmphasizedDisabled": "rgba(255,255,255,0.5)",
	"sapUiBtnBGEmphasized": "#52aa7a",
	"sapUiBtnBGEmphasizedBorder": "#4a996e",
	"sapUiBtnBGEmphasizedHover": "#4a996e",
	"sapUiBtnBGEmphasizedDown": "#418861",
	"sapUiBtnBGEmphasizedDisabled": "rgba(82,170,122,0.5)",
	"sapUiBtnTextShadowEmphasized": "rgba(0,0,0,0.5)",
	"sapUiBtnBGTransparent": "transparent",
	"sapUiBtnBGTransparentHover": "rgba(222,222,222,0.5)",
	"sapUiBtnBGTransparentDown": "#1474b2",
	"sapUiBtnFooterBGStandardHover": "rgba(234,234,234,0.1)",
	"sapUiBtnActionSelectBG": "rgba(54,62,67,0.96)",
	"sapUiBtnActionSelectBorderColor": "rgba(100,114,123,0.96)",
	"sapUiBtnActionSelectBGTransparentHover": "rgba(68,78,84,0.96)",
	"sapUiToggleBtnPressed": "#1474b2",
	"sapUiToggleBtnBorder": "#11659b",
	"sapUiToggleBtnPressedHover": "#11659b",
	"sapUiCheckBoxCheckedColor": "#1474b2",
	"sapUiCheckBoxUncheckedColor": "#fff",
	"sapUiCheckBoxFocusColor": "#0e507b",
	"sapUiDTICustomRows": "5",
	"sapUiDTICustomPhoneRows": "3",
	"sapUiDTICustomWidth": "64",
	"sapUiDTICustomHeight": "48",
	"sapUiDTICustomShowLabel": "false",
	"sapUiDTICustomHeaderText": "false",
	"sapUiDTICustomMode": "scroller",
	"sapUiDTICustomDesktopMode": "mixed",
	"sapUiDTICustomDisplay": "bubble",
	"sapUiDTICustomPhoneDisplay": "modal",
	"sapUiDTICustomFontFamily": "Arial, Helvetica, sans-serif",
	"sapUiDTICustomDialogBorder": "#fff",
	"sapUiDTICustomDialogWheelsBG": "none",
	"sapUiDTICustomDialogWheelBG": "none",
	"sapUiDTICustomArrowBG": "#fff",
	"sapUiDTICustomArrowColor": "#8a8d8a",
	"sapUiDTICustomArrowHoverColor": "#1474b2",
	"sapUiDTICustomItemText": "#8a8d8a",
	"sapUiDTICustomSelectedItemText": "#252625",
	"sapUiDTICustomSelectedItemBG": "#e8f1f7",
	"sapUiDTICustomButtonBG": "rgba(54,62,67,0.96)",
	"sapUiDTICustomButtonOnDesktopBG": "rgba(54,62,67,0.96)",
	"sapUiDTICustomButtonHoverBG": "#1474b2",
	"sapUiDTICustomButtonText": "#fff",
	"sapUiDTICustomHeaderTextColor": "#8a8d8a",
	"sapUiDTICustomHeaderTextShadow": "rgba(255,255,255,0.5)",
	"sapUiDTICustomHeaderBG": "#fff",
	"sapUiDTICustomFooterBG": "rgba(54,62,67,0.96)",
	"sapUiDTICustomFooterOnDesktopBG": "rgba(54,62,67,0.96)",
	"sapUiDTICustomHeaderBoxShadow": "#fff",
	"sapUiITBTextOnlyBrandText": "#418861",
	"sapUiInputBaseBG": "#fff",
	"sapUiInputBaseFont": "Arial, Helvetica, sans-serif",
	"sapUiInputBaseText": "#252625",
	"sapUiInputBaseBorder": "#fff",
	"sapUiInputBaseFocus": "#1474b2",
	"sapUiInputBasePlaceholder": "#949794",
	"sapUiInputBaseWarning": "#f0ab00",
	"sapUiInputBaseWarningBG": "#fffcb5",
	"sapUiInputBaseError": "#e52929",
	"sapUiInputBaseErrorBG": "#fbdfdf",
	"sapUiInputBaseErrorFont": "#cc1919",
	"sapUiInputBaseSuccess": "#008a3b",
	"sapUiLabelText": "#8a8d8a",
	"sapUiLabelFont": "Arial, Helvetica, sans-serif",
	"sapUiListBGHeader": "#e8f1f7",
	"sapUiListBGFooter": "#fff",
	"sapUiListHeaderText": "#8a8d8a",
	"sapUiListFooterText": "#8a8d8a",
	"sapUiListSingleSelectMasterAsActive": "false",
	"sapUiListHeaderBorder": "#fff",
	"sapUiListTextColor": "#575a57",
	"sapUiGroupHeaderBG": "#fff",
	"sapUiListNoDataTextColor": "#575a57",
	"sapUiListTblBG": "rgba(255,255,255,0.8)",
	"sapUiListTblHeaderBorder": "#fff",
	"sapUiListTblTextColor": "#575a57",
	"sapUiListTblPopinHeaderTextColor": "#8a8d8a",
	"sapUiListTblPopinValueTextColor": "#252625",
	"sapUiListTblPopinBG": "rgba(255,255,255,0.8)",
	"sapUiListTblPopinActiveBG": "#1474b2",
	"sapUiListTblPopinSelectedBG": "#e8f1f7",
	"sapUiListTblIconSize": "1rem",
	"sapUiListTblTextSize": "0.875rem",
	"sapUiLIBorder": "#fff",
	"sapUiLISelected": "#e8f1f7",
	"sapUiLIActive": "#1474b2",
	"sapUiLICounter": "#007cc0",
	"sapUiLIText": "#575a57",
	"sapUiLIStandardText": "#252625",
	"sapUiLITextSec": "#8a8d8a",
	"sapUiLITextInverted": "#fff",
	"sapUiLITextDisabled": "#8a8d8a",
	"sapUiLIDelIcon": "true",
	"sapUiLIDelColor": "#cc1919",
	"sapUiLINavColor": "#b1b3b1",
	"sapUiLIDetailIcon": "true",
	"sapUiLIDetailColor": "#8a8d8a",
	"sapUiLIDetailBGActive": "#1474b2",
	"sapUiLIUnreadAsBubble": "false",
	"sapUiALITextColor": "#fff",
	"sapUiMessageToastTextColor": "#fff",
	"sapUiMessageToastTextShadow": "#000",
	"sapUiPageBG": "#fff",
	"sapUiPanelBG": "#fff",
	"sapUiPopoverContBG": "#fff",
	"sapUiPopupBorderColor": "rgba(255,255,255,0.6)",
	"sapUiPopupBorder": "1px rgba(255,255,255,0.6) solid",
	"sapUiPopupBoxShadow": "0px 0px 30px 2px rgba(0,0,0,0.15)",
	"sapUiBlockLayerColor": "#000",
	"sapUiPopupButtonSeparator": "1px #727272 solid",
	"sapUiPopupBorderRadius": "2px",
	"sapUiPullToRefreshText": "#8a8d8a",
	"sapUiPullToRefreshArrow": "#1474b2",
	"sapUiPullToRefreshBG": "#fff",
	"sapUiRadioButtonSelectedColor": "#1474b2",
	"sapUiRadioButtonBorderColor": "#fff",
	"sapMUiScrollBarBG": "rgba(0,0,0,0.5)",
	"sapMUiScrollBarBorderColor": "#fff",
	"sapUiSegmentedBtnBG": "#fff",
	"sapUiSegmentedBtnBGSelected": "#1474b2",
	"sapUiSegmentedBtnBGSelectedHover": "#11659b",
	"sapUiSegmentedBtnBGHover": "rgba(196,196,196,0.5)",
	"sapUiSegmentedBtnBGActive": "#1474b2",
	"sapUiSegmentedBtnBorder": "#dedede",
	"sapUiSegmentedBtnIconDark": "#8a8d8a",
	"sapUiSegmentedBtnIconLight": "#fff",
	"sapUiSegmentedBtnText": "#52aa7a",
	"sapUiSegmentedBtnTextActive": "#fff",
	"sapUiSegmentedBtnTextFooter": "#fff",
	"sapUiSegmentedBtnFooterHover": "rgba(234,234,234,0.1)",
	"sapUiSegmentedBtnBorderFooter": "rgba(100,114,123,0.96)",
	"sapUiSelectBG": "#fff",
	"sapUiSelectBorderColor": "#fff",
	"sapUiSelectBorderColorPressed": "#1474b2",
	"sapUiSelectLabelTextColor": "#252625",
	"sapUiSelectBGActive": "#1474b2",
	"sapUiSelectLabelTextColorPressed": "#fff",
	"sapUiSelectArrowColor": "#8a8d8a",
	"sapUiSelectArrowColorActive": "#fff",
	"sapUiSelectArrowBGHover": "#f0f0f0",
	"sapUiSelectArrowBGActive": "#1474b2",
	"sapUiSelectIconColor": "#8a8d8a",
	"sapUiSelectIconColorActive": "#fff",
	"sapUiSelectIconBGHover": "#eaeaea",
	"sapUiSelectIconBGPressed": "#1474b2",
	"sapUiSelectIconBorderColor": "#fff",
	"sapUiSelectFooterBGHover": "rgba(234,234,234,0.1)",
	"sapUiSelectListActiveBG": "#e8f1f7",
	"sapUiSelectListLightestBGHover": "#f0f0f0",
	"sapUiSelectListLITextInverted": "#fff",
	"sapUiSelectListHighlight": "#1474b2",
	"sapUiSelectListMediumBorder": "#fff",
	"sapUiSelectListBorder": "#fff",
	"sapUiSelectListLightestBG": "#fff",
	"sapMShellContentBGOpacity": "30",
	"sapMShellContentBG": "rgba(255,255,255,0.3)",
	"sapUiSliderBG": "#fff",
	"sapUiSliderProgressBG": "#1474b2",
	"sapUiSliderHandleBorder": "#fff",
	"sapUiSliderHandleBG": "rgba(255,255,255,0.3)",
	"sapUiSliderHandleBGHover": "rgba(255,255,255,0.6)",
	"sapUiSliderHandleBorderPressed": "#1474b2",
	"sapUiSliderHandleBGPressed": "rgba(20,116,178,0.3)",
	"sapUiSplitContainerMasterBG": "#fff",
	"sapUiSplitContainerMasterShadow": "1px 0 10px rgba(0,0,0,0.15)",
	"sapUiSplitContainerMasterBorder": "1px solid rgba(0, 0, 0, 0.15)",
	"sapUiSplitContainerMasterFooterSeperator": "rgba(100,114,123,0.96)",
	"sapUiSLIIconColor": "#8a8d8a",
	"sapUiSLIIconColorActive": "#fff",
	"sapUiInfoTop": "false",
	"sapUiSwitchOnBG": "#1474b2",
	"sapUiSwitchOnHoverBG": "#11659b",
	"sapUiSwitchOffBG": "#fff",
	"sapUiSwitchHandleOnBG": "#fff",
	"sapUiSwitchHandleOffBG": "#fff",
	"sapUiSwitchOnBorder": "#1474b2",
	"sapUiSwitchOffBorder": "#fff",
	"sapUiSwitchBorderColorHover": "#1474b2",
	"sapUiSwitchTextOn": "#fff",
	"sapUiSwitchTextOff": "#8a8d8a",
	"sapUiSwitchAcceptRejectBG": "#fff",
	"sapUiRIIconPadding": "0.25rem",
	"sapUiRIIconColor": "#f0ab00",
	"sapUiToolbarBG": "rgba(255,255,255,0)",
	"sapUiToolbarSolidBG": "#fff",
	"sapUiToolbarBorder": "#fff",
	"sapUiToolbarInfoBG": "#457aae",
	"sapUiToolbarInfoHoverBG": "#2b68a3",
	"sapUiToolbarInfoActiveBG": "#125698",
	"sapUiToolbarInfoBorder": "#fff",
	"sapUiToolbarSeparatorBG": "#fff",
	"sapUiToolbarSeparatorFooterBG": "rgba(100,114,123,0.96)",
	"sapUiFeedInputBG": "#fff",
	"sapMeOverlapCalendarType00": "#fff",
	"sapMeOverlapCalendarType01": "#dceaf3",
	"sapMeOverlapCalendarType01Action": "#cce8d8",
	"sapMeOverlapCalendarType04": "#dceaf3",
	"sapMeOverlapCalendarType06": "#fae2a6",
	"sapMeOverlapCalendarType07": "#fceaea",
	"sapMeOverlapCalendarIndicator": "#f27020",
	"sapMeCalendarLegendIconCollapse": "collapse",
	"sapMeCalendarLegendIconExpand": "expand",
	"sapMeTabIconInfo": "hint",
	"sapMeTabColorInfo": "#f27020",
	"sapMeTabIconNotes": "notes",
	"sapMeTabColorNotes": "#ab218e",
	"sapMeTabIconAttachments": "attachment",
	"sapMeTabColorAttachments": "#007cc0",
	"sapMeTabIconPeople": "group",
	"sapMeTabColorPeople": "#004990",
	"sapUiFormContainerExpImageURL": "/img/form/Maximize.png",
	"sapUiFormContainerExpImageDownURL": "/img/form/Maximize.png",
	"sapUiFormContainerColImageURL": "/img/form/Minimize.png",
	"sapUiFormContainerColImageDownURL": "/img/form/Minimize.png"
}